page_url,type,severity,detail,suggestion
https://breastcalculator.com/about.html,TITLE_TOO_LONG,MEDIUM,Title is 75 chars (max 60),About Us — Free Bra Size Calculator & Bra Fitting Tools...
https://breastcalculator.com/about.html,DESCRIPTION_TOO_LONG,MEDIUM,Description is 210 chars (max 160),"Learn about Breast Calculator, the trusted a bra that fits calculator. Free bra size calculator with US, UK, EU, FR & AU sizing. Science-based bra fitting tools and breast health education for accurate results."
https://breastcalculator.com/about.html,MISSING_OG_IMAGE,HIGH,Missing og:image,"<meta property=""og:image"" content=""https://breastcalculator.com/og-image.jpg""> (create a 1200x630px image)"
https://breastcalculator.com/articles.html,TITLE_TOO_LONG,MEDIUM,Title is 76 chars (max 60),Bra Fitting Guides & Articles | Bra Size Calculator Tips...
https://breastcalculator.com/articles.html,DESCRIPTION_TOO_LONG,MEDIUM,Description is 206 chars (max 160),"Expert-reviewed bra fitting guides and breast health articles. Learn how to measure bra size, check bra fit, understand sister sizes, and find your a bra that fits. Free bra size calculator tips and advice."
https://breastcalculator.com/articles.html,MISSING_OG_IMAGE,HIGH,Missing og:image,"<meta property=""og:image"" content=""https://breastcalculator.com/og-image.jpg""> (create a 1200x630px image)"
https://breastcalculator.com/articles.html,OG_TITLE_MISMATCH,LOW,og:title (49 chars) differs significantly from <title> (76 chars),title: Bra Fitting Guides & Articles | Bra Size Calculator Tips | Breast Calculator | og:title: Bra Fitting Guides & Articles | Breast Calculator
https://breastcalculator.com/,TITLE_TOO_LONG,MEDIUM,Title is 73 chars (max 60),Free Bra Size Calculator | a Bra That Fits Calculator |...
https://breastcalculator.com/,DESCRIPTION_TOO_LONG,MEDIUM,Description is 220 chars (max 160),"Free breast calculator trusted by thousands. The most accurate bra size calculator online with US, UK, EU, FR & AU sizing. A bra that fits calculator — measure in inches, cm or mm. 98.7% accuracy, no registration needed."
https://breastcalculator.com/,MISSING_OG_IMAGE,HIGH,Missing og:image,"<meta property=""og:image"" content=""https://breastcalculator.com/og-image.jpg""> (create a 1200x630px image)"
https://breastcalculator.com/privacy.html,TITLE_TOO_LONG,MEDIUM,Title is 76 chars (max 60),Privacy Policy — Bra Size Calculator & Bra Fitting Tools...
https://breastcalculator.com/privacy.html,DESCRIPTION_TOO_LONG,MEDIUM,Description is 175 chars (max 160),"Privacy Policy for Breast Calculator, the free a bra that fits calculator. Learn how we protect your privacy when using our accurate bra size calculator and bra fitting tools."
https://breastcalculator.com/privacy.html,MISSING_OG_IMAGE,HIGH,Missing og:image,"<meta property=""og:image"" content=""https://breastcalculator.com/og-image.jpg""> (create a 1200x630px image)"
https://breastcalculator.com/privacy.html,OG_TITLE_MISMATCH,LOW,og:title (34 chars) differs significantly from <title> (76 chars),title: Privacy Policy — Bra Size Calculator & Bra Fitting Tools | Breast Calculator | og:title: Privacy Policy | Breast Calculator
https://breastcalculator.com/specials.html,TITLE_TOO_LONG,MEDIUM,Title is 77 chars (max 60),Specials & Research | Bra Fitting Science & Breast...
https://breastcalculator.com/specials.html,DESCRIPTION_TOO_LONG,MEDIUM,Description is 176 chars (max 160),"Science-backed resources on breast health, D+ cup support, sports bra biomechanics, and evidence-based bra fitting guides. Free bra size calculator research and special topics."
https://breastcalculator.com/specials.html,MISSING_OG_IMAGE,HIGH,Missing og:image,"<meta property=""og:image"" content=""https://breastcalculator.com/og-image.jpg""> (create a 1200x630px image)"
https://breastcalculator.com/terms.html,TITLE_TOO_LONG,MEDIUM,Title is 74 chars (max 60),Terms of Use — Bra Size Calculator & Bra Fitting Tools |...
https://breastcalculator.com/terms.html,DESCRIPTION_TOO_LONG,MEDIUM,Description is 186 chars (max 160),"Terms of Use for Breast Calculator, the free a bra that fits calculator. Read terms governing your use of our accurate bra size calculator, bra fitting tools and breast health resources."
https://breastcalculator.com/terms.html,MISSING_OG_IMAGE,HIGH,Missing og:image,"<meta property=""og:image"" content=""https://breastcalculator.com/og-image.jpg""> (create a 1200x630px image)"
https://breastcalculator.com/terms.html,OG_TITLE_MISMATCH,LOW,og:title (32 chars) differs significantly from <title> (74 chars),title: Terms of Use — Bra Size Calculator & Bra Fitting Tools | Breast Calculator | og:title: Terms of Use | Breast Calculator
https://breastcalculator.com/wellness.html,TITLE_TOO_LONG,MEDIUM,Title is 77 chars (max 60),Wellness & Recovery | Post-Surgical Breast Care &...
https://breastcalculator.com/wellness.html,DESCRIPTION_TOO_LONG,MEDIUM,Description is 188 chars (max 160),"A supportive guide to post-surgical breast wellness, prosthetic bras, and recovery resources. Empowering information for your breast health journey. Free bra calculator wellness resources."
https://breastcalculator.com/wellness.html,MISSING_OG_IMAGE,HIGH,Missing og:image,"<meta property=""og:image"" content=""https://breastcalculator.com/og-image.jpg""> (create a 1200x630px image)"
https://breastcalculator.com/article/bra-sister-sizes-explained.html,TITLE_TOO_LONG,MEDIUM,Title is 85 chars (max 60),Bra Sister Sizes Explained — How to Find Your...
https://breastcalculator.com/article/bra-sister-sizes-explained.html,DESCRIPTION_TOO_LONG,MEDIUM,Description is 207 chars (max 160),"Learn how bra sister sizes work and how to find your alternative bra fit. Complete guide to sister sizing with charts, examples, and tips for using sister sizes when shopping. Reviewed by our editorial team."
https://breastcalculator.com/article/bra-sister-sizes-explained.html,MISSING_OG_IMAGE,HIGH,Missing og:image,"<meta property=""og:image"" content=""https://breastcalculator.com/og-image.jpg""> (create a 1200x630px image)"
https://breastcalculator.com/article/breast-ptosis-causes-and-solutions.html,TITLE_TOO_LONG,MEDIUM,Title is 85 chars (max 60),Breast Ptosis Causes and Solutions — Understanding...
https://breastcalculator.com/article/breast-ptosis-causes-and-solutions.html,DESCRIPTION_TOO_LONG,MEDIUM,Description is 192 chars (max 160),"Learn about breast ptosis causes including aging, pregnancy, and weight changes. Discover prevention strategies, management options, and how proper bra fitting can help. Expert-reviewed guide."
https://breastcalculator.com/article/breast-ptosis-causes-and-solutions.html,MISSING_OG_IMAGE,HIGH,Missing og:image,"<meta property=""og:image"" content=""https://breastcalculator.com/og-image.jpg""> (create a 1200x630px image)"
https://breastcalculator.com/article/breast-volume-guide.html,TITLE_TOO_LONG,MEDIUM,Title is 91 chars (max 60),Breast Volume Guide — How to Estimate and Understand...
https://breastcalculator.com/article/breast-volume-guide.html,DESCRIPTION_TOO_LONG,MEDIUM,Description is 195 chars (max 160),"Learn how to estimate your breast volume in cubic centimeters (cc). Understand what breast volume means for bra fitting, breast symmetry, and post-surgery planning. Free estimation tool included."
https://breastcalculator.com/article/breast-volume-guide.html,MISSING_OG_IMAGE,HIGH,Missing og:image,"<meta property=""og:image"" content=""https://breastcalculator.com/og-image.jpg""> (create a 1200x630px image)"
https://breastcalculator.com/article/how-to-measure-bra-size-at-home.html,TITLE_TOO_LONG,MEDIUM,Title is 81 chars (max 60),How to Measure Bra Size at Home — Complete Step-by-Step...
https://breastcalculator.com/article/how-to-measure-bra-size-at-home.html,DESCRIPTION_TOO_LONG,MEDIUM,Description is 194 chars (max 160),"Learn how to measure your bra size at home with our complete step-by-step guide. Includes band measurement, bust measurement, cup size calculation, and sister size explanations. Expert-approved."
https://breastcalculator.com/article/how-to-measure-bra-size-at-home.html,MISSING_OG_IMAGE,HIGH,Missing og:image,"<meta property=""og:image"" content=""https://breastcalculator.com/og-image.jpg""> (create a 1200x630px image)"
https://breastcalculator.com/article/how-to-tell-if-bra-fits.html,TITLE_TOO_LONG,MEDIUM,Title is 77 chars (max 60),How to Tell If Your Bra Fits Correctly — 5 Signs to...
https://breastcalculator.com/article/how-to-tell-if-bra-fits.html,DESCRIPTION_TOO_LONG,MEDIUM,Description is 193 chars (max 160),"Learn how to tell if your bra fits correctly with our 5-point expert checklist. From band position to cup coverage, discover the signs of a properly fitting bra. Reviewed by our editorial team."
https://breastcalculator.com/article/how-to-tell-if-bra-fits.html,MISSING_OG_IMAGE,HIGH,Missing og:image,"<meta property=""og:image"" content=""https://breastcalculator.com/og-image.jpg""> (create a 1200x630px image)"
https://breastcalculator.com/article/post-mastectomy-breast-care.html,TITLE_TOO_LONG,MEDIUM,Title is 77 chars (max 60),"Post-Mastectomy Care Guide — Recovery, Scar Care and..."
https://breastcalculator.com/article/post-mastectomy-breast-care.html,DESCRIPTION_TOO_LONG,MEDIUM,Description is 176 chars (max 160),"A comprehensive guide to post-mastectomy care including recovery timeline, scar management, post-surgical bras, exercises, and emotional well-being after breast cancer surgery."
https://breastcalculator.com/article/post-mastectomy-breast-care.html,MISSING_OG_IMAGE,HIGH,Missing og:image,"<meta property=""og:image"" content=""https://breastcalculator.com/og-image.jpg""> (create a 1200x630px image)"
https://breastcalculator.com/article/prosthetic-bras-guide-after-mastectomy.html,TITLE_TOO_LONG,MEDIUM,Title is 76 chars (max 60),Prosthetic Bras Guide — Finding Comfort After Mastectomy...
https://breastcalculator.com/article/prosthetic-bras-guide-after-mastectomy.html,DESCRIPTION_TOO_LONG,MEDIUM,Description is 176 chars (max 160),"A comprehensive guide to prosthetic bras, post-mastectomy bras, and breast forms. Learn how to choose the right option for your recovery and daily comfort after breast surgery."
https://breastcalculator.com/article/prosthetic-bras-guide-after-mastectomy.html,MISSING_OG_IMAGE,HIGH,Missing og:image,"<meta property=""og:image"" content=""https://breastcalculator.com/og-image.jpg""> (create a 1200x630px image)"
https://breastcalculator.com/specials/accessory-breast-guide.html,TITLE_TOO_LONG,MEDIUM,Title is 84 chars (max 60),"Accessory Breast Guide — Causes, Symptoms, Diagnosis &..."
https://breastcalculator.com/specials/accessory-breast-guide.html,DESCRIPTION_TOO_LONG,MEDIUM,Description is 203 chars (max 160),"Learn about accessory breast tissue — causes, symptoms, diagnosis, and treatment options. Evidence-based guide covering axillary breast tissue, its prevalence, and management strategies. Expert-reviewed."
https://breastcalculator.com/specials/accessory-breast-guide.html,MISSING_OG_IMAGE,HIGH,Missing og:image,"<meta property=""og:image"" content=""https://breastcalculator.com/og-image.jpg""> (create a 1200x630px image)"
https://breastcalculator.com/specials/accessory-breast-guide.html,OG_TITLE_MISMATCH,LOW,og:title (58 chars) differs significantly from <title> (84 chars),"title: Accessory Breast Guide — Causes, Symptoms, Diagnosis & Treatment | Breast Calculator | og:title: Accessory Breast — Causes, Symptoms, Diagnosis & Treatment"
https://breastcalculator.com/specials/buying-guide.html,TITLE_TOO_LONG,MEDIUM,Title is 70 chars (max 60),D+ Cup Bra Buying Guide — Evidence-Based Selection |...
https://breastcalculator.com/specials/buying-guide.html,MISSING_OG_IMAGE,HIGH,Missing og:image,"<meta property=""og:image"" content=""https://breastcalculator.com/og-image.jpg""> (create a 1200x630px image)"
https://breastcalculator.com/specials/buying-guide.html,MISSING_OG_URL,MEDIUM,Missing og:url,"<meta property=""og:url"" content=""https://breastcalculator.com/specials/buying-guide.html"">"
https://breastcalculator.com/specials/expansion-evidence.html,TITLE_TOO_LONG,MEDIUM,Title is 79 chars (max 60),Breast Expansion (Splaying) — Causes and Corrective...
https://breastcalculator.com/specials/expansion-evidence.html,MISSING_OG_IMAGE,HIGH,Missing og:image,"<meta property=""og:image"" content=""https://breastcalculator.com/og-image.jpg""> (create a 1200x630px image)"
https://breastcalculator.com/specials/expansion-evidence.html,MISSING_OG_URL,MEDIUM,Missing og:url,"<meta property=""og:url"" content=""https://breastcalculator.com/specials/expansion-evidence.html"">"
https://breastcalculator.com/specials/ptosis-prevention-evidence.html,TITLE_TOO_LONG,MEDIUM,Title is 67 chars (max 60),Breast Ptosis Prevention — Evidence-Based Guide | Breast...
https://breastcalculator.com/specials/ptosis-prevention-evidence.html,MISSING_OG_IMAGE,HIGH,Missing og:image,"<meta property=""og:image"" content=""https://breastcalculator.com/og-image.jpg""> (create a 1200x630px image)"
https://breastcalculator.com/specials/ptosis-prevention-evidence.html,MISSING_OG_URL,MEDIUM,Missing og:url,"<meta property=""og:url"" content=""https://breastcalculator.com/specials/ptosis-prevention-evidence.html"">"
https://breastcalculator.com/specials/sports-bra-science.html,TITLE_TOO_LONG,MEDIUM,Title is 71 chars (max 60),Sports Bra Science — Biomechanics of Breast Support |...
https://breastcalculator.com/specials/sports-bra-science.html,MISSING_OG_IMAGE,HIGH,Missing og:image,"<meta property=""og:image"" content=""https://breastcalculator.com/og-image.jpg""> (create a 1200x630px image)"
https://breastcalculator.com/specials/sports-bra-science.html,MISSING_OG_URL,MEDIUM,Missing og:url,"<meta property=""og:url"" content=""https://breastcalculator.com/specials/sports-bra-science.html"">"
https://breastcalculator.com/specials/why-d-cup-support.html,TITLE_TOO_LONG,MEDIUM,Title is 61 chars (max 60),Why D+ Cup Women Need Specialized Support | Breast...
https://breastcalculator.com/specials/why-d-cup-support.html,DESCRIPTION_TOO_LONG,MEDIUM,Description is 167 chars (max 160),"Science-backed guide explaining why D+ cup women need specialized breast support. Validated research on Cooper's ligaments, breast biomechanics, and sports bra design."
https://breastcalculator.com/specials/why-d-cup-support.html,MISSING_OG_IMAGE,HIGH,Missing og:image,"<meta property=""og:image"" content=""https://breastcalculator.com/og-image.jpg""> (create a 1200x630px image)"
https://breastcalculator.com/tools/breast-expansion-calculator-es.html,TITLE_TOO_LONG,MEDIUM,Title is 77 chars (max 60),Calculadora de Expansión Mamaria | Evalúe la Separación...
https://breastcalculator.com/tools/breast-expansion-calculator-es.html,MISSING_OG_IMAGE,HIGH,Missing og:image,"<meta property=""og:image"" content=""https://breastcalculator.com/og-image.jpg""> (create a 1200x630px image)"
https://breastcalculator.com/tools/breast-expansion-calculator.html,TITLE_TOO_LONG,MEDIUM,Title is 74 chars (max 60),Breast Expansion (Splaying) Calculator | Bra Size Tool |...
https://breastcalculator.com/tools/breast-expansion-calculator.html,DESCRIPTION_TOO_LONG,MEDIUM,Description is 182 chars (max 160),Free breast expansion calculator to assess breast splaying using nipple-spacing ratio. Understand your breast shape and find the right bra fit. Part of our bra size calculator suite.
https://breastcalculator.com/tools/breast-expansion-calculator.html,MISSING_OG_IMAGE,HIGH,Missing og:image,"<meta property=""og:image"" content=""https://breastcalculator.com/og-image.jpg""> (create a 1200x630px image)"
https://breastcalculator.com/tools/breast-ptosis-calculator-es.html,TITLE_TOO_LONG,MEDIUM,Title is 69 chars (max 60),Calculadora de Ptosis Mamaria | Evalúe la Caída |...
https://breastcalculator.com/tools/breast-ptosis-calculator-es.html,MISSING_OG_IMAGE,HIGH,Missing og:image,"<meta property=""og:image"" content=""https://breastcalculator.com/og-image.jpg""> (create a 1200x630px image)"
https://breastcalculator.com/tools/breast-ptosis-calculator.html,TITLE_TOO_LONG,MEDIUM,Title is 73 chars (max 60),Breast Ptosis (Sagging) Calculator | Bra Fitting Tool |...
https://breastcalculator.com/tools/breast-ptosis-calculator.html,DESCRIPTION_TOO_LONG,MEDIUM,Description is 179 chars (max 160),Free breast ptosis calculator to grade breast sagging using nipple-to-inframammary fold distance. Understand ptosis severity and find bra solutions. Bra size calculator companion.
https://breastcalculator.com/tools/breast-ptosis-calculator.html,MISSING_OG_IMAGE,HIGH,Missing og:image,"<meta property=""og:image"" content=""https://breastcalculator.com/og-image.jpg""> (create a 1200x630px image)"
https://breastcalculator.com/tools/breast-ptosis-calculator.html,OG_TITLE_MISMATCH,LOW,og:title (48 chars) differs significantly from <title> (73 chars),title: Breast Ptosis (Sagging) Calculator | Bra Fitting Tool | Breast Calculator | og:title: Breast Ptosis (Sagging) Calculator | Bra Fitting
https://breastcalculator.com/tools/breast-volume-calculator-es.html,TITLE_TOO_LONG,MEDIUM,Title is 74 chars (max 60),Calculadora de Volumen Mamario | Estimación en cc/mL |...
https://breastcalculator.com/tools/breast-volume-calculator-es.html,DESCRIPTION_TOO_LONG,MEDIUM,Description is 163 chars (max 160),Calculadora de volumen mamario gratuita para estimar el volumen de sus senos en cc/mL usando medidas del busto y el torso. Comprenda su talla para un mejor ajuste.
https://breastcalculator.com/tools/breast-volume-calculator-es.html,MISSING_OG_IMAGE,HIGH,Missing og:image,"<meta property=""og:image"" content=""https://breastcalculator.com/og-image.jpg""> (create a 1200x630px image)"
https://breastcalculator.com/tools/breast-volume-calculator-es.html,OG_TITLE_MISMATCH,LOW,og:title (52 chars) differs significantly from <title> (74 chars),title: Calculadora de Volumen Mamario | Estimación en cc/mL | Calculadora Mamaria | og:title: Calculadora de Volumen Mamario | Estimación en cc/mL
https://breastcalculator.com/tools/breast-volume-calculator.html,TITLE_TOO_LONG,MEDIUM,Title is 68 chars (max 60),Breast Volume Calculator | CC/mL Estimation Tool |...
https://breastcalculator.com/tools/breast-volume-calculator.html,DESCRIPTION_TOO_LONG,MEDIUM,Description is 184 chars (max 160),Free breast volume calculator to estimate your breast volume in cc/mL using bust and underbust measurements. Understand your breast size for bra fitting. Bra size calculator companion.
https://breastcalculator.com/tools/breast-volume-calculator.html,MISSING_OG_IMAGE,HIGH,Missing og:image,"<meta property=""og:image"" content=""https://breastcalculator.com/og-image.jpg""> (create a 1200x630px image)"
https://breastcalculator.com/tools/breast-volume-calculator.html,OG_TITLE_MISMATCH,LOW,og:title (43 chars) differs significantly from <title> (68 chars),title: Breast Volume Calculator | CC/mL Estimation Tool | Breast Calculator | og:title: Breast Volume Calculator | CC/mL Estimation
https://breastcalculator.com/tools/length-converter-es.html,MISSING_OG_IMAGE,HIGH,Missing og:image,"<meta property=""og:image"" content=""https://breastcalculator.com/og-image.jpg""> (create a 1200x630px image)"
https://breastcalculator.com/tools/length-converter-es.html,OG_TITLE_MISMATCH,LOW,og:title (37 chars) differs significantly from <title> (59 chars),title: Conversor de Longitud | Pulgadas a CM | Calculadora Mamaria | og:title: Conversor de Longitud | Pulgadas a CM
https://breastcalculator.com/tools/length-converter.html,TITLE_TOO_LONG,MEDIUM,Title is 87 chars (max 60),Length Conversion Calculator | Inches to cm Converter |...
https://breastcalculator.com/tools/length-converter.html,DESCRIPTION_TOO_LONG,MEDIUM,Description is 241 chars (max 160),"Free online length conversion calculator. Convert between inches (in) and centimeters (cm) instantly. Essential tool for accurate bra fitting measurements, band size conversion, and bust measurement conversion. Bra size calculator companion."
https://breastcalculator.com/tools/length-converter.html,MISSING_OG_IMAGE,HIGH,Missing og:image,"<meta property=""og:image"" content=""https://breastcalculator.com/og-image.jpg""> (create a 1200x630px image)"
https://breastcalculator.com/tools/length-converter.html,OG_TITLE_MISMATCH,LOW,og:title (62 chars) differs significantly from <title> (87 chars),title: Length Conversion Calculator | Inches to cm Converter | Bra Fitting | Breast Calculator | og:title: Length Conversion Calculator | Inches to cm | Bra Fitting Tool
https://breastcalculator.com/wellness/prosthetic-bras-guide.html,TITLE_TOO_LONG,MEDIUM,Title is 68 chars (max 60),Prosthetic Bras Guide | Comfort After Mastectomy |...
https://breastcalculator.com/wellness/prosthetic-bras-guide.html,MISSING_OG_IMAGE,HIGH,Missing og:image,"<meta property=""og:image"" content=""https://breastcalculator.com/og-image.jpg""> (create a 1200x630px image)"
https://breastcalculator.com/wellness/prosthetic-bras-guide.html,MISSING_OG_URL,MEDIUM,Missing og:url,"<meta property=""og:url"" content=""https://breastcalculator.com/wellness/prosthetic-bras-guide.html"">"
https://breastcalculator.com/wellness/sports-bras-after-surgery.html,TITLE_TOO_LONG,MEDIUM,Title is 78 chars (max 60),Sports Bras After Surgery | Post-Surgical Activewear...
https://breastcalculator.com/wellness/sports-bras-after-surgery.html,MISSING_OG_IMAGE,HIGH,Missing og:image,"<meta property=""og:image"" content=""https://breastcalculator.com/og-image.jpg""> (create a 1200x630px image)"
https://breastcalculator.com/wellness/sports-bras-after-surgery.html,MISSING_OG_URL,MEDIUM,Missing og:url,"<meta property=""og:url"" content=""https://breastcalculator.com/wellness/sports-bras-after-surgery.html"">"
